STATUS,STOCK_MT,SELL_VALUE_USD,LOSS_VALUE_USD
Expired,818620.54,784641164.4200001,189829306.914
Healthy,240984.896,904385506.1200001,0.0
Near Expiry,164804.808,141341199.32000002,0.0
Urgent to Clear,87037.19,72535593.42,0.0
